model_name,lambda
TIGER-Lab/MAmmoTH-7B,0.6595699400670841
mrm8488/llama-2-coder-7b,0.6646928263250211
elyza/ELYZA-japanese-Llama-2-7b,0.7455455717906141
