model_name,lambda
TIGER-Lab/MAmmoTH-7B,0.3333333333333333
mrm8488/llama-2-coder-7b,0.3333333333333333
elyza/ELYZA-japanese-Llama-2-7b,0.3333333333333333
