epoch,model_name,lambdas,loss
1,"['TIGER-Lab/MAmmoTH-7B', 'mrm8488/llama-2-coder-7b', 'elyza/ELYZA-japanese-Llama-2-7b']","[0.19069316483501603, 0.024202371540694538, 0.7633445231629976]",15.090117454528809
